Image,AnimalName,Condition,Channel,Slice,PixelSum,PixelMean,PositivePixelsAbove100
Simulated-A01_LH_Demo,A01,A,DAPI,1,96946,23.66845703125,9
Simulated-A01_LH_Demo,A01,A,DAPI,2,258788,63.1806640625,333
Simulated-A01_LH_Demo,A01,A,DAPI,3,312681,76.338134765625,441
Simulated-A01_LH_Demo,A01,A,DAPI,4,258832,63.19140625,333
Simulated-A01_LH_Demo,A01,A,DAPI,5,96584,23.580078125,9
Simulated-A01_LH_Demo,A01,A,Signal,1,94937,23.177978515625,9
Simulated-A01_LH_Demo,A01,A,Signal,2,195495,47.728271484375,333
Simulated-A01_LH_Demo,A01,A,Signal,3,228800,55.859375,441
Simulated-A01_LH_Demo,A01,A,Signal,4,195644,47.7646484375,333
Simulated-A01_LH_Demo,A01,A,Signal,5,95023,23.198974609375,9
Simulated-A02_LH_Demo,A02,A,DAPI,1,96654,23.59716796875,9
Simulated-A02_LH_Demo,A02,A,DAPI,2,258674,63.15283203125,333
Simulated-A02_LH_Demo,A02,A,DAPI,3,312654,76.33154296875,441
Simulated-A02_LH_Demo,A02,A,DAPI,4,258622,63.14013671875,333
Simulated-A02_LH_Demo,A02,A,DAPI,5,96650,23.59619140625,9
Simulated-A02_LH_Demo,A02,A,Signal,1,95035,23.201904296875,9
Simulated-A02_LH_Demo,A02,A,Signal,2,198682,48.50634765625,333
Simulated-A02_LH_Demo,A02,A,Signal,3,233321,56.963134765625,441
Simulated-A02_LH_Demo,A02,A,Signal,4,198690,48.50830078125,333
Simulated-A02_LH_Demo,A02,A,Signal,5,95130,23.22509765625,9
Simulated-A03_LH_Demo,A03,A,DAPI,1,96344,23.521484375,9
Simulated-A03_LH_Demo,A03,A,DAPI,2,258606,63.13623046875,333
Simulated-A03_LH_Demo,A03,A,DAPI,3,312566,76.31005859375,441
Simulated-A03_LH_Demo,A03,A,DAPI,4,258618,63.13916015625,333
Simulated-A03_LH_Demo,A03,A,DAPI,5,96455,23.548583984375,9
Simulated-A03_LH_Demo,A03,A,Signal,1,95087,23.214599609375,9
Simulated-A03_LH_Demo,A03,A,Signal,2,202039,49.325927734375,333
Simulated-A03_LH_Demo,A03,A,Signal,3,237542,57.99365234375,441
Simulated-A03_LH_Demo,A03,A,Signal,4,202037,49.325439453125,333
Simulated-A03_LH_Demo,A03,A,Signal,5,94955,23.182373046875,9
Simulated-A04_LH_Demo,A04,A,DAPI,1,96802,23.63330078125,9
Simulated-A04_LH_Demo,A04,A,DAPI,2,258636,63.1435546875,333
Simulated-A04_LH_Demo,A04,A,DAPI,3,312385,76.265869140625,441
Simulated-A04_LH_Demo,A04,A,DAPI,4,258449,63.097900390625,333
Simulated-A04_LH_Demo,A04,A,DAPI,5,96846,23.64404296875,9
Simulated-A04_LH_Demo,A04,A,Signal,1,95140,23.2275390625,9
Simulated-A04_LH_Demo,A04,A,Signal,2,205197,50.096923828125,333
Simulated-A04_LH_Demo,A04,A,Signal,3,242002,59.08251953125,441
Simulated-A04_LH_Demo,A04,A,Signal,4,205506,50.17236328125,333
Simulated-A04_LH_Demo,A04,A,Signal,5,95210,23.24462890625,9
Simulated-A05_LH_Demo,A05,A,DAPI,1,96607,23.585693359375,9
Simulated-A05_LH_Demo,A05,A,DAPI,2,258688,63.15625,333
Simulated-A05_LH_Demo,A05,A,DAPI,3,312711,76.345458984375,441
Simulated-A05_LH_Demo,A05,A,DAPI,4,258747,63.170654296875,333
Simulated-A05_LH_Demo,A05,A,DAPI,5,96841,23.642822265625,9
Simulated-A05_LH_Demo,A05,A,Signal,1,95161,23.232666015625,9
Simulated-A05_LH_Demo,A05,A,Signal,2,208709,50.954345703125,333
Simulated-A05_LH_Demo,A05,A,Signal,3,246602,60.20556640625,441
Simulated-A05_LH_Demo,A05,A,Signal,4,208755,50.965576171875,333
Simulated-A05_LH_Demo,A05,A,Signal,5,95198,23.24169921875,9
Simulated-A06_LH_Demo,A06,A,DAPI,1,96728,23.615234375,9
Simulated-A06_LH_Demo,A06,A,DAPI,2,258784,63.1796875,333
Simulated-A06_LH_Demo,A06,A,DAPI,3,312547,76.305419921875,441
Simulated-A06_LH_Demo,A06,A,DAPI,4,258534,63.11865234375,333
Simulated-A06_LH_Demo,A06,A,DAPI,5,96416,23.5390625,9
Simulated-A06_LH_Demo,A06,A,Signal,1,95422,23.29638671875,9
Simulated-A06_LH_Demo,A06,A,Signal,2,211988,51.7548828125,333
Simulated-A06_LH_Demo,A06,A,Signal,3,250867,61.246826171875,441
Simulated-A06_LH_Demo,A06,A,Signal,4,211887,51.730224609375,333
Simulated-A06_LH_Demo,A06,A,Signal,5,95408,23.29296875,9
Simulated-B01_LH_Demo,B01,B,DAPI,1,96603,23.584716796875,9
Simulated-B01_LH_Demo,B01,B,DAPI,2,258555,63.123779296875,333
Simulated-B01_LH_Demo,B01,B,DAPI,3,312826,76.37353515625,441
Simulated-B01_LH_Demo,B01,B,DAPI,4,258479,63.105224609375,333
Simulated-B01_LH_Demo,B01,B,DAPI,5,96607,23.585693359375,9
Simulated-B01_LH_Demo,B01,B,Signal,1,96735,23.616943359375,9
Simulated-B01_LH_Demo,B01,B,Signal,2,261872,63.93359375,333
Simulated-B01_LH_Demo,B01,B,Signal,3,316987,77.389404296875,441
Simulated-B01_LH_Demo,B01,B,Signal,4,262039,63.974365234375,333
Simulated-B01_LH_Demo,B01,B,Signal,5,96897,23.656494140625,9
Simulated-B02_LH_Demo,B02,B,DAPI,1,96659,23.598388671875,9
Simulated-B02_LH_Demo,B02,B,DAPI,2,258679,63.154052734375,333
Simulated-B02_LH_Demo,B02,B,DAPI,3,312694,76.34130859375,441
Simulated-B02_LH_Demo,B02,B,DAPI,4,258680,63.154296875,333
Simulated-B02_LH_Demo,B02,B,DAPI,5,96732,23.6162109375,9
Simulated-B02_LH_Demo,B02,B,Signal,1,96797,23.632080078125,9
Simulated-B02_LH_Demo,B02,B,Signal,2,265299,64.770263671875,333
Simulated-B02_LH_Demo,B02,B,Signal,3,321476,78.4853515625,441
Simulated-B02_LH_Demo,B02,B,Signal,4,265310,64.77294921875,333
Simulated-B02_LH_Demo,B02,B,Signal,5,96956,23.6708984375,9
Simulated-B03_LH_Demo,B03,B,DAPI,1,96638,23.59326171875,9
Simulated-B03_LH_Demo,B03,B,DAPI,2,258755,63.172607421875,333
Simulated-B03_LH_Demo,B03,B,DAPI,3,312905,76.392822265625,441
Simulated-B03_LH_Demo,B03,B,DAPI,4,258700,63.1591796875,333
Simulated-B03_LH_Demo,B03,B,DAPI,5,96722,23.61376953125,9
Simulated-B03_LH_Demo,B03,B,Signal,1,96965,23.673095703125,9
Simulated-B03_LH_Demo,B03,B,Signal,2,268538,65.56103515625,333
Simulated-B03_LH_Demo,B03,B,Signal,3,325951,79.577880859375,441
Simulated-B03_LH_Demo,B03,B,Signal,4,268673,65.593994140625,333
Simulated-B03_LH_Demo,B03,B,Signal,5,96950,23.66943359375,9
Simulated-B04_LH_Demo,B04,B,DAPI,1,96611,23.586669921875,9
Simulated-B04_LH_Demo,B04,B,DAPI,2,258666,63.15087890625,333
Simulated-B04_LH_Demo,B04,B,DAPI,3,312623,76.323974609375,441
Simulated-B04_LH_Demo,B04,B,DAPI,4,258591,63.132568359375,333
Simulated-B04_LH_Demo,B04,B,DAPI,5,96578,23.57861328125,9
Simulated-B04_LH_Demo,B04,B,Signal,1,96900,23.6572265625,9
Simulated-B04_LH_Demo,B04,B,Signal,2,271930,66.38916015625,333
Simulated-B04_LH_Demo,B04,B,Signal,3,330386,80.66064453125,441
Simulated-B04_LH_Demo,B04,B,Signal,4,271820,66.3623046875,333
Simulated-B04_LH_Demo,B04,B,Signal,5,97149,23.718017578125,9
Simulated-B05_LH_Demo,B05,B,DAPI,1,96728,23.615234375,9
Simulated-B05_LH_Demo,B05,B,DAPI,2,258629,63.141845703125,333
Simulated-B05_LH_Demo,B05,B,DAPI,3,312498,76.29345703125,441
Simulated-B05_LH_Demo,B05,B,DAPI,4,258789,63.180908203125,333
Simulated-B05_LH_Demo,B05,B,DAPI,5,96765,23.624267578125,9
Simulated-B05_LH_Demo,B05,B,Signal,1,97208,23.732421875,9
Simulated-B05_LH_Demo,B05,B,Signal,2,275366,67.22802734375,333
Simulated-B05_LH_Demo,B05,B,Signal,3,334832,81.74609375,441
Simulated-B05_LH_Demo,B05,B,Signal,4,275348,67.2236328125,333
Simulated-B05_LH_Demo,B05,B,Signal,5,97144,23.716796875,9
Simulated-B06_LH_Demo,B06,B,DAPI,1,96719,23.613037109375,9
Simulated-B06_LH_Demo,B06,B,DAPI,2,258820,63.1884765625,333
Simulated-B06_LH_Demo,B06,B,DAPI,3,312644,76.3291015625,441
Simulated-B06_LH_Demo,B06,B,DAPI,4,258661,63.149658203125,333
Simulated-B06_LH_Demo,B06,B,DAPI,5,96603,23.584716796875,9
Simulated-B06_LH_Demo,B06,B,Signal,1,97095,23.704833984375,9
Simulated-B06_LH_Demo,B06,B,Signal,2,278571,68.010498046875,333
Simulated-B06_LH_Demo,B06,B,Signal,3,338942,82.74951171875,441
Simulated-B06_LH_Demo,B06,B,Signal,4,278665,68.033447265625,333
Simulated-B06_LH_Demo,B06,B,Signal,5,97062,23.69677734375,9
